<?xml version="1.0" encoding="utf-8"?>
<program type="arb">

    <vertex file="arb/canvas2d.vp">
        <stream name="pos"/>
        <stream name="uv0"/>
        <uniform name="transform" loc="0" type="mat4"/>
    </vertex>

    <fragment file="arb/canvas2d.fp">
        <uniform name="tex" loc="0" type="sampler2D"/>
        <uniform name="colorAdd" loc="1" type="vec4"/>
        <uniform name="colorMul" loc="2" type="vec4"/>
        <uniform name="grayscaleFactor" loc="3" type="float"/>
    </fragment>

</program>
